County,Region
Alameda,Association of Bay Area Health Officers (ABAHO)
Alpine,Greater Sacramento Region Health Officers
Amador,Greater Sacramento Region Health Officers
Butte,Greater Sacramento Region Health Officers
Calaveras,San Joaquin Valley Consortium (SJVC)
Colusa,Greater Sacramento Region Health Officers
Contra Costa,Association of Bay Area Health Officers (ABAHO)
Del Norte,Rural Association of Northern California Health Officers (RANCHO)
El Dorado,Greater Sacramento Region Health Officers
Fresno,San Joaquin Valley Consortium (SJVC)
Glenn,Rural Association of Northern California Health Officers (RANCHO)
Humboldt,Rural Association of Northern California Health Officers (RANCHO)
Imperial,Southern California Health Officers
Inyo,Southern California Health Officers
Kern,San Joaquin Valley Consortium (SJVC)
Kings,San Joaquin Valley Consortium (SJVC)
Lake,Rural Association of Northern California Health Officers (RANCHO)
Lassen,Rural Association of Northern California Health Officers (RANCHO)
Los Angeles,Southern California Health Officers
Madera,San Joaquin Valley Consortium (SJVC)
Marin,Association of Bay Area Health Officers (ABAHO)
Mariposa,San Joaquin Valley Consortium (SJVC)
Mendocino,Rural Association of Northern California Health Officers (RANCHO)
Merced,San Joaquin Valley Consortium (SJVC)
Modoc,Rural Association of Northern California Health Officers (RANCHO)
Mono,Southern California Health Officers
Monterey,Association of Bay Area Health Officers (ABAHO)
Napa,Association of Bay Area Health Officers (ABAHO)
Nevada,Greater Sacramento Region Health Officers
Orange,Southern California Health Officers
Placer,Greater Sacramento Region Health Officers
Plumas,Greater Sacramento Region Health Officers
Riverside,Southern California Health Officers
Sacramento,Greater Sacramento Region Health Officers
San Benito,San Joaquin Valley Consortium (SJVC)
San Bernardino,Southern California Health Officers
San Diego,Southern California Health Officers
San Francisco,Association of Bay Area Health Officers (ABAHO)
San Joaquin,San Joaquin Valley Consortium (SJVC)
San Luis Obispo,Southern California Health Officers
San Mateo,Association of Bay Area Health Officers (ABAHO)
Santa Barbara,Southern California Health Officers
Santa Clara,Association of Bay Area Health Officers (ABAHO)
Santa Cruz,Association of Bay Area Health Officers (ABAHO)
Shasta,Rural Association of Northern California Health Officers (RANCHO)
Sierra,Greater Sacramento Region Health Officers
Siskiyou,Rural Association of Northern California Health Officers (RANCHO)
Solano,Association of Bay Area Health Officers (ABAHO)
Sonoma,Association of Bay Area Health Officers (ABAHO)
Stanislaus,San Joaquin Valley Consortium (SJVC)
Sutter,Greater Sacramento Region Health Officers
Tehama,Rural Association of Northern California Health Officers (RANCHO)
Trinity,Rural Association of Northern California Health Officers (RANCHO)
Tulare,San Joaquin Valley Consortium (SJVC)
Tuolumne,San Joaquin Valley Consortium (SJVC)
Ventura,Southern California Health Officers
Yolo,Greater Sacramento Region Health Officers
Yuba,Greater Sacramento Region Health Officers
